Mother ID,Mobile_No,Risk Level
118004098643,9854438892,Moderate Risk
118004098644,9854438892,Moderate Risk
118004098662,8399872838,Moderate Risk
118004098666,8317375391,Moderate Risk
118004098667,9435881526,Moderate Risk
118004098669,7399135954,Moderate Risk
118004098686,7399135954,Moderate Risk
118004098689,8486177671,Moderate Risk
118004098695,9365281707,Moderate Risk
118004098702,9859106288,Moderate Risk
118004098709,9101914912,Moderate Risk
118004098719,7399135954,Moderate Risk
118004098720,7635834537,Moderate Risk
118004098721,9401237846,Moderate Risk
118004098722,9401040086,Moderate Risk
118004098730,9606217478,Moderate Risk
118004099768,9613578334,Moderate Risk
118004099778,9613578334,Moderate Risk
118004099800,8761938794,Moderate Risk
118004101524,6300671605,Moderate Risk
118004101525,9476638576,Moderate Risk
118004101544,8618876339,Moderate Risk
118004101550,9531364134,Moderate Risk
118004103211,7637966040,Moderate Risk
118004103215,9859820932,Moderate Risk
118004103217,8011774835,Moderate Risk
118004103249,9401684632,Moderate Risk
118004103259,7035574136,Moderate Risk
118004103273,9401135345,Moderate Risk
118004103282,9401000387,Moderate Risk
118004103883,9954496877,Moderate Risk
118004103886,8753843488,Moderate Risk
118004103892,8753843488,Moderate Risk
118004103901,8753843488,Moderate Risk
118004104738,7086392546,Moderate Risk
118004104744,9127883268,Moderate Risk
118004106307,8553600214,Moderate Risk
118004106317,7035839167,Moderate Risk
118004106321,7035839167,Moderate Risk
118004106327,7019111013,Moderate Risk
118004106329,8752938493,Moderate Risk
118004106339,9577878943,Moderate Risk
118004106342,9365863365,Moderate Risk
118004106344,9365863365,Moderate Risk
118004106359,7035839167,Moderate Risk
118004106376,9706598166,Moderate Risk
118004106387,9365863365,Moderate Risk
118004106392,9132262907,Moderate Risk
118004106395,8761838699,Moderate Risk
118004106397,9707880403,Moderate Risk
118004107189,9577417554,Moderate Risk
118004107193,9401685456,Moderate Risk
118004107194,8472967725,Moderate Risk
118004107207,9108177628,Moderate Risk
118004107211,9577417554,Moderate Risk
118004107212,9577417554,Moderate Risk
118004107216,9101920543,Moderate Risk
118004107229,9864986212,Moderate Risk
118004108534,7086917183,Moderate Risk
118004108546,9531273846,Moderate Risk
118004108549,9577189738,Moderate Risk
118004108555,6859922445,Moderate Risk
118004108589,9678288638,Moderate Risk
118004108605,8472025940,Moderate Risk
118004108606,8472025940,Moderate Risk
118004108608,6000068522,Moderate Risk
118004108624,9577189738,Moderate Risk
118004108628,8133870739,Moderate Risk
118004109135,9531176145,Moderate Risk
118004109138,9401438168,Moderate Risk
118004109150,9435689352,Moderate Risk
118004109158,9401661518,Moderate Risk
118004109160,8749854725,Moderate Risk
118004110009,9401928036,Moderate Risk
118004110011,9401417546,Moderate Risk
118004110024,9435456528,Moderate Risk
118004110025,9401119670,Moderate Risk
118004110048,9435280665,Moderate Risk
118004110053,9476764493,Moderate Risk
118004110064,9401640390,Moderate Risk
118004111015,9476831038,Moderate Risk
